chrom	pos_bp	ref	alt	target_pop	expected_freq	others_max_freq	separation	stage	reason
chr16	31087679	C	T	MID	0.2705	0.0020	0.2685	selected	top-N by separation, post-pruning
chr2	96363430	G	A	MID	0.4738	0.2305	0.2154	selected	top-N by separation, post-pruning
chr12	54992285	C	T	MID	0.4375	0.6796	0.2127	selected	top-N by separation, post-pruning
chr16	36236378	G	A	MID	0.2122	0.0000	0.2122	selected	top-N by separation, post-pruning
chr4	37079058	G	T	MID	0.4779	0.7791	0.2100	selected	top-N by separation, post-pruning
chr14	49361649	C	A	MID	0.6236	0.8977	0.2094	selected	top-N by separation, post-pruning
chr15	64232781	G	A	MID	0.4430	0.9629	0.2063	selected	top-N by separation, post-pruning
chr8	41851552	G	A	MID	0.4283	0.8452	0.2036	selected	top-N by separation, post-pruning
chr16	34102164	G	A	MID	0.2024	0.0000	0.2024	selected	top-N by separation, post-pruning
chr16	46812751	T	C	MID	0.2987	0.0903	0.2023	selected	top-N by separation, post-pruning
chr16	31089879	A	C	MID	0.2700	0.0020	0.2680	linkage_pruned	within 1000000 bp of stronger candidate on chr16
chr16	31029436	G	A	MID	0.2663	0.0020	0.2643	linkage_pruned	within 1000000 bp of stronger candidate on chr16
chr16	30481679	G	A	MID	0.3968	0.0908	0.2566	linkage_pruned	within 1000000 bp of stronger candidate on chr16
chr16	30508027	G	T	MID	0.4422	0.1329	0.2562	linkage_pruned	within 1000000 bp of stronger candidate on chr16
chr16	30537031	G	A	MID	0.4623	0.1448	0.2555	linkage_pruned	within 1000000 bp of stronger candidate on chr16
chr16	30580789	A	G	MID	0.4259	0.1131	0.2529	linkage_pruned	within 1000000 bp of stronger candidate on chr16
chr16	30542838	G	A	MID	0.4612	0.1846	0.2515	linkage_pruned	within 1000000 bp of stronger candidate on chr16
chr16	30560589	C	T	MID	0.4788	0.1484	0.2512	linkage_pruned	within 1000000 bp of stronger candidate on chr16
chr16	30986831	T	C	MID	0.2525	0.0020	0.2505	linkage_pruned	within 1000000 bp of stronger candidate on chr16
chr16	30500308	A	C	MID	0.4158	0.1571	0.2468	linkage_pruned	within 1000000 bp of stronger candidate on chr16
chr16	30498402	A	G	MID	0.4183	0.1657	0.2433	linkage_pruned	within 1000000 bp of stronger candidate on chr16
chr16	30444137	G	A	MID	0.3333	0.0903	0.2430	linkage_pruned	within 1000000 bp of stronger candidate on chr16
chr16	30455420	A	G	MID	0.4006	0.1196	0.2385	linkage_pruned	within 1000000 bp of stronger candidate on chr16
chr16	30866315	G	A	MID	0.5274	0.8760	0.2350	linkage_pruned	within 1000000 bp of stronger candidate on chr16
chr16	30504328	C	T	MID	0.3804	0.1458	0.2346	linkage_pruned	within 1000000 bp of stronger candidate on chr16
chr16	30476066	C	T	MID	0.4085	0.1095	0.2345	linkage_pruned	within 1000000 bp of stronger candidate on chr16
chr16	30459725	C	T	MID	0.4090	0.1581	0.2331	linkage_pruned	within 1000000 bp of stronger candidate on chr16
chr16	30882234	C	A	MID	0.5159	0.1758	0.2326	linkage_pruned	within 1000000 bp of stronger candidate on chr16
chr16	30573109	T	C	MID	0.4731	0.2171	0.2324	linkage_pruned	within 1000000 bp of stronger candidate on chr16
chr16	30882130	C	T	MID	0.4836	0.9177	0.2321	linkage_pruned	within 1000000 bp of stronger candidate on chr16
chr16	30884224	A	G	MID	0.4836	0.9177	0.2321	linkage_pruned	within 1000000 bp of stronger candidate on chr16
chr16	30884392	C	T	MID	0.4836	0.9177	0.2321	linkage_pruned	within 1000000 bp of stronger candidate on chr16
chr16	30886898	C	T	MID	0.5174	0.1758	0.2321	linkage_pruned	within 1000000 bp of stronger candidate on chr16
chr16	30887135	C	G	MID	0.5174	0.1744	0.2321	linkage_pruned	within 1000000 bp of stronger candidate on chr16
chr16	30599555	C	T	MID	0.4716	0.2012	0.2319	linkage_pruned	within 1000000 bp of stronger candidate on chr16
chr16	30876974	G	A	MID	0.5169	0.1758	0.2316	linkage_pruned	within 1000000 bp of stronger candidate on chr16
chr16	30517290	A	G	MID	0.5017	0.1758	0.2313	linkage_pruned	within 1000000 bp of stronger candidate on chr16
chr16	30867045	C	T	MID	0.4766	0.9187	0.2312	linkage_pruned	within 1000000 bp of stronger candidate on chr16
chr16	30868074	G	A	MID	0.5163	0.1772	0.2310	linkage_pruned	within 1000000 bp of stronger candidate on chr16
chr16	30869977	C	T	MID	0.5163	0.1772	0.2310	linkage_pruned	within 1000000 bp of stronger candidate on chr16
chr16	30615295	C	T	MID	0.4716	0.1513	0.2309	linkage_pruned	within 1000000 bp of stronger candidate on chr16
chr16	30860434	G	T	MID	0.4801	0.9167	0.2306	linkage_pruned	within 1000000 bp of stronger candidate on chr16
chr16	30872644	G	C	MID	0.4831	0.9177	0.2305	linkage_pruned	within 1000000 bp of stronger candidate on chr16
chr16	30873838	T	G	MID	0.4831	0.9177	0.2305	linkage_pruned	within 1000000 bp of stronger candidate on chr16
chr16	30852526	T	C	MID	0.4806	0.9167	0.2301	linkage_pruned	within 1000000 bp of stronger candidate on chr16
chr16	30852554	T	C	MID	0.4806	0.9167	0.2301	linkage_pruned	within 1000000 bp of stronger candidate on chr16
chr16	30857164	A	G	MID	0.4806	0.9167	0.2301	linkage_pruned	within 1000000 bp of stronger candidate on chr16
chr16	30860194	C	T	MID	0.4806	0.9167	0.2301	linkage_pruned	within 1000000 bp of stronger candidate on chr16
chr16	30861150	T	C	MID	0.4806	0.9167	0.2301	linkage_pruned	within 1000000 bp of stronger candidate on chr16
chr16	30862560	G	C	MID	0.4806	0.9167	0.2301	linkage_pruned	within 1000000 bp of stronger candidate on chr16
chr16	30862754	A	G	MID	0.4806	0.9167	0.2301	linkage_pruned	within 1000000 bp of stronger candidate on chr16
chr16	30864887	T	C	MID	0.4796	0.9167	0.2301	linkage_pruned	within 1000000 bp of stronger candidate on chr16
chr16	30866223	T	C	MID	0.5478	0.9167	0.2298	linkage_pruned	within 1000000 bp of stronger candidate on chr16
chr16	30850814	G	A	MID	0.4801	0.9147	0.2296	linkage_pruned	within 1000000 bp of stronger candidate on chr16
chr16	30854119	T	C	MID	0.4811	0.9167	0.2296	linkage_pruned	within 1000000 bp of stronger candidate on chr16
chr16	30862880	A	G	MID	0.4811	0.9167	0.2296	linkage_pruned	within 1000000 bp of stronger candidate on chr16
chr16	30898385	C	G	MID	0.5149	0.1853	0.2295	linkage_pruned	within 1000000 bp of stronger candidate on chr16
chr16	30866025	T	G	MID	0.4796	0.9167	0.2291	linkage_pruned	within 1000000 bp of stronger candidate on chr16
chr16	30661398	T	C	MID	0.5103	0.9440	0.2290	linkage_pruned	within 1000000 bp of stronger candidate on chr16
chr16	30691834	G	A	MID	0.5103	0.9478	0.2290	linkage_pruned	within 1000000 bp of stronger candidate on chr16
chr16	30695156	T	C	MID	0.5108	0.9478	0.2285	linkage_pruned	within 1000000 bp of stronger candidate on chr16
chr16	30703507	A	T	MID	0.5108	0.9470	0.2285	linkage_pruned	within 1000000 bp of stronger candidate on chr16
chr16	30704587	T	C	MID	0.5108	0.9478	0.2285	linkage_pruned	within 1000000 bp of stronger candidate on chr16
chr16	30890625	G	A	MID	0.5149	0.1744	0.2285	linkage_pruned	within 1000000 bp of stronger candidate on chr16
chr16	30891032	A	G	MID	0.5149	0.1772	0.2285	linkage_pruned	within 1000000 bp of stronger candidate on chr16
chr16	30732201	C	T	MID	0.4887	0.8909	0.2280	linkage_pruned	within 1000000 bp of stronger candidate on chr16
chr16	30592200	A	G	MID	0.4660	0.2300	0.2273	linkage_pruned	within 1000000 bp of stronger candidate on chr16
chr16	30859636	A	G	MID	0.4847	0.9167	0.2270	linkage_pruned	within 1000000 bp of stronger candidate on chr16
chr16	30775606	C	T	MID	0.5083	0.7352	0.2269	linkage_pruned	within 1000000 bp of stronger candidate on chr16
chr16	30692991	T	G	MID	0.5128	0.9478	0.2265	linkage_pruned	within 1000000 bp of stronger candidate on chr16
chr16	30762284	G	T	MID	0.5088	0.7352	0.2264	linkage_pruned	within 1000000 bp of stronger candidate on chr16
chr16	30735501	C	A	MID	0.5098	0.7360	0.2262	linkage_pruned	within 1000000 bp of stronger candidate on chr16
chr16	30735870	C	T	MID	0.5103	0.7360	0.2257	linkage_pruned	within 1000000 bp of stronger candidate on chr16
chr16	30745953	G	A	MID	0.5093	0.7337	0.2244	linkage_pruned	within 1000000 bp of stronger candidate on chr16
chr12	54980202	C	G	MID	0.4430	0.6696	0.2114	linkage_pruned	within 1000000 bp of stronger candidate on chr12
chr12	54980210	C	T	MID	0.4430	0.6696	0.2114	linkage_pruned	within 1000000 bp of stronger candidate on chr12
chr16	36246371	T	A	MID	0.2107	0.0000	0.2107	linkage_pruned	within 1000000 bp of stronger candidate on chr16
chr4	37100171	G	A	MID	0.4784	0.9085	0.2095	linkage_pruned	within 1000000 bp of stronger candidate on chr4
chr4	37102859	A	C	MID	0.4784	0.7814	0.2095	linkage_pruned	within 1000000 bp of stronger candidate on chr4
chr4	37105761	T	A	MID	0.4784	0.7821	0.2095	linkage_pruned	within 1000000 bp of stronger candidate on chr4
chr2	96394628	G	A	MID	0.4828	0.2334	0.2094	linkage_pruned	within 1000000 bp of stronger candidate on chr2
chr4	37081603	C	T	MID	0.4789	0.7814	0.2090	linkage_pruned	within 1000000 bp of stronger candidate on chr4
chr4	37090833	C	A	MID	0.4789	0.7814	0.2090	linkage_pruned	within 1000000 bp of stronger candidate on chr4
chr4	37093797	G	A	MID	0.4789	0.7821	0.2090	linkage_pruned	within 1000000 bp of stronger candidate on chr4
chr4	37096976	A	G	MID	0.4789	0.7821	0.2090	linkage_pruned	within 1000000 bp of stronger candidate on chr4
chr4	37097911	A	G	MID	0.4789	0.9092	0.2090	linkage_pruned	within 1000000 bp of stronger candidate on chr4
chr14	49327506	T	G	MID	0.3925	0.7927	0.2086	linkage_pruned	within 1000000 bp of stronger candidate on chr14
chr2	96354311	T	C	MID	0.4848	0.2334	0.2085	linkage_pruned	within 1000000 bp of stronger candidate on chr2
chr2	96354432	A	C	MID	0.4848	0.2334	0.2085	linkage_pruned	within 1000000 bp of stronger candidate on chr2
chr2	96380854	T	A	MID	0.4818	0.2334	0.2084	linkage_pruned	within 1000000 bp of stronger candidate on chr2
chr2	96317374	C	T	MID	0.4833	0.2334	0.2080	linkage_pruned	within 1000000 bp of stronger candidate on chr2
chr4	37076122	A	C	MID	0.4789	0.7859	0.2079	linkage_pruned	within 1000000 bp of stronger candidate on chr4
chr14	49360269	T	C	MID	0.6251	0.8977	0.2079	linkage_pruned	within 1000000 bp of stronger candidate on chr14
chr12	54972163	C	T	MID	0.4389	0.6716	0.2073	linkage_pruned	within 1000000 bp of stronger candidate on chr12
chr12	54973394	C	T	MID	0.4389	0.6706	0.2073	linkage_pruned	within 1000000 bp of stronger candidate on chr12
chr2	96422226	A	G	MID	0.5039	0.2911	0.2067	linkage_pruned	within 1000000 bp of stronger candidate on chr2
chr2	96397865	T	C	MID	0.5034	0.2925	0.2062	linkage_pruned	within 1000000 bp of stronger candidate on chr2
chr2	96402562	T	C	MID	0.5034	0.2911	0.2062	linkage_pruned	within 1000000 bp of stronger candidate on chr2
chr2	96417352	C	T	MID	0.5034	0.2954	0.2062	linkage_pruned	within 1000000 bp of stronger candidate on chr2
chr14	49333842	G	A	MID	0.3890	0.7897	0.2061	linkage_pruned	within 1000000 bp of stronger candidate on chr14
chr2	96328019	C	T	MID	0.5246	0.3141	0.2055	linkage_pruned	within 1000000 bp of stronger candidate on chr2
chr2	96328146	A	G	MID	0.5246	0.3170	0.2055	linkage_pruned	within 1000000 bp of stronger candidate on chr2
chr2	96333348	A	G	MID	0.5246	0.3170	0.2055	linkage_pruned	within 1000000 bp of stronger candidate on chr2
chr2	96333842	A	G	MID	0.5246	0.3170	0.2055	linkage_pruned	within 1000000 bp of stronger candidate on chr2
chr14	49360986	T	A	MID	0.6251	0.8977	0.2055	linkage_pruned	within 1000000 bp of stronger candidate on chr14
chr2	96339537	G	A	MID	0.5054	0.2925	0.2052	linkage_pruned	within 1000000 bp of stronger candidate on chr2
chr2	96340947	T	C	MID	0.5054	0.2925	0.2052	linkage_pruned	within 1000000 bp of stronger candidate on chr2
chr2	96368202	G	A	MID	0.5054	0.2939	0.2052	linkage_pruned	within 1000000 bp of stronger candidate on chr2
chr2	96379235	C	A	MID	0.5054	0.2939	0.2052	linkage_pruned	within 1000000 bp of stronger candidate on chr2
chr2	96392922	T	C	MID	0.5054	0.2939	0.2052	linkage_pruned	within 1000000 bp of stronger candidate on chr2
chr14	49359747	A	G	MID	0.6256	0.8977	0.2050	linkage_pruned	within 1000000 bp of stronger candidate on chr14
chr2	96356757	C	T	MID	0.5241	0.3170	0.2049	linkage_pruned	within 1000000 bp of stronger candidate on chr2
chr2	96362590	A	C	MID	0.5241	0.3184	0.2049	linkage_pruned	within 1000000 bp of stronger candidate on chr2
chr2	96384421	T	C	MID	0.5241	0.3184	0.2049	linkage_pruned	within 1000000 bp of stronger candidate on chr2
chr2	96386770	G	C	MID	0.5241	0.3184	0.2049	linkage_pruned	within 1000000 bp of stronger candidate on chr2
chr14	49368627	C	G	MID	0.6271	0.9006	0.2048	linkage_pruned	within 1000000 bp of stronger candidate on chr14
chr2	96305671	A	G	MID	0.5326	0.3213	0.2046	linkage_pruned	within 1000000 bp of stronger candidate on chr2
chr2	96364509	T	C	MID	0.5261	0.3184	0.2040	linkage_pruned	within 1000000 bp of stronger candidate on chr2
chr2	96392747	T	C	MID	0.5251	0.3170	0.2039	linkage_pruned	within 1000000 bp of stronger candidate on chr2
chr2	96259531	T	A	MID	0.5467	0.3373	0.2038	linkage_pruned	within 1000000 bp of stronger candidate on chr2
chr15	64216564	G	A	MID	0.4424	0.9614	0.2038	linkage_pruned	within 1000000 bp of stronger candidate on chr15
chr2	96311546	A	G	MID	0.5069	0.2939	0.2037	linkage_pruned	within 1000000 bp of stronger candidate on chr2
chr2	96318221	C	T	MID	0.5059	0.2939	0.2037	linkage_pruned	within 1000000 bp of stronger candidate on chr2
chr2	96322004	G	A	MID	0.5059	0.2939	0.2037	linkage_pruned	within 1000000 bp of stronger candidate on chr2
chr2	96314375	C	T	MID	0.5246	0.3213	0.2033	linkage_pruned	within 1000000 bp of stronger candidate on chr2
chr2	96363024	T	C	MID	0.5246	0.3213	0.2033	linkage_pruned	within 1000000 bp of stronger candidate on chr2
chr14	49320564	G	A	MID	0.3900	0.7817	0.2030	linkage_pruned	within 1000000 bp of stronger candidate on chr14
chr2	96387381	C	T	MID	0.5235	0.3213	0.2022	linkage_pruned	within 1000000 bp of stronger candidate on chr2
chr2	96348709	G	A	MID	0.5270	0.3170	0.2020	linkage_pruned	within 1000000 bp of stronger candidate on chr2
chr2	96360838	C	T	MID	0.5241	0.3170	0.2019	linkage_pruned	within 1000000 bp of stronger candidate on chr2
chr16	34119126	C	T	MID	0.2019	0.0000	0.2019	linkage_pruned	within 1000000 bp of stronger candidate on chr16
chr16	46465946	C	T	MID	0.2019	0.0000	0.2019	linkage_pruned	within 1000000 bp of stronger candidate on chr16
chr14	49312825	T	C	MID	0.3884	0.7827	0.2015	linkage_pruned	within 1000000 bp of stronger candidate on chr14
chr16	34046487	T	C	MID	0.2106	0.0091	0.2015	linkage_pruned	within 1000000 bp of stronger candidate on chr16
chr2	96270516	A	T	MID	0.5341	0.3242	0.2011	linkage_pruned	within 1000000 bp of stronger candidate on chr2
chr2	96287095	A	G	MID	0.4983	0.2421	0.2011	linkage_pruned	within 1000000 bp of stronger candidate on chr2
chr2	96345624	C	T	MID	0.5270	0.3170	0.2010	linkage_pruned	within 1000000 bp of stronger candidate on chr2
chr14	49317612	A	T	MID	0.3880	0.7817	0.2010	linkage_pruned	within 1000000 bp of stronger candidate on chr14
chr14	49318624	T	C	MID	0.3890	0.7817	0.2010	linkage_pruned	within 1000000 bp of stronger candidate on chr14
chr14	49319028	G	A	MID	0.3890	0.7798	0.2000	linkage_pruned	within 1000000 bp of stronger candidate on chr14
chr2	204926116	T	C	MID	0.3812	0.7360	0.2002	below_top_n	passed pruning but ranked below target_size
